user_id,order_id,order_time,pay_amount,product_type,pay_type
1236,79843,2025-08-22 12:27:00,2308.025065692902,家电,微信
1898,84587,2025-05-26 16:00:00,808.595765243466,食品,支付宝
1429,75447,2025-10-08 17:49:00,2219.0382861629882,美妆,银行卡
1926,99550,2025-12-31 10:07:00,2611.114995744905,食品,支付宝
1830,36101,2025-01-26 04:24:00,1587.7180931151381,数码,银行卡
1070,26922,2025-11-19 14:57:00,1599.294215697643,服装,微信
1969,48817,2025-10-24 07:01:00,3170.851082755064,食品,银行卡
1414,39855,2025-02-28 08:06:00,318.39848020758524,数码,支付宝
1932,20853,2025-06-04 21:09:00,2295.069238484805,家电,支付宝
1445,27888,2025-03-28 08:58:00,,美妆,微信
1091,95956,2025-11-22 19:34:00,473.7714595003437,家电,微信
1222,96014,2025-08-04 11:44:00,1415.575033766182,美妆,银行卡
1563,87383,2025-05-26 16:50:00,3154.87528722225,数码,支付宝
1060,32585,2025-02-14 09:13:00,1634.53903025205,数码,银行卡
1735,93197,2025-11-14 01:08:00,2940.0472648948007,家电,支付宝
1156,94523,2025-11-24 00:33:00,1633.4583517039014,美妆,银行卡
1782,41951,2025-01-06 01:53:00,3267.0333189527055,美妆,银行卡
1737,55128,2025-01-08 05:02:00,4534.092332898477,家电,微信
1575,80208,2025-07-10 05:16:00,3302.87388602368,服装,银行卡
1400,76991,2025-08-25 15:13:00,1745.3120414402506,美妆,银行卡
1046,41954,2025-08-13 01:27:00,3602.555732869777,家电,支付宝
1488,82273,2025-08-07 11:32:00,4510.544361373354,家电,银行卡
1807,27933,2025-05-10 15:48:00,2550.0622321323667,家电,银行卡
1069,64062,2025-02-28 22:58:00,4455.376552904642,服装,支付宝
1722,69603,2025-08-03 17:16:00,2888.51926171739,数码,微信
1204,96322,2025-08-03 12:59:00,3348.9187183779204,数码,银行卡
1975,61461,2025-05-04 02:27:00,2518.700723584403,美妆,微信
1141,54175,2025-12-19 22:34:00,3501.0735121942103,美妆,微信
1837,38214,2025-03-23 13:57:00,2896.8152928228924,家电,银行卡
1885,67222,2025-07-14 15:29:00,3385.3581456926736,家电,支付宝
1276,90941,2025-06-13 16:29:00,3407.488283910248,家电,微信
1139,42102,2025-08-20 21:26:00,1301.7295413726476,数码,微信
1024,55262,2025-06-11 05:20:00,2236.8504749841586,家电,支付宝
1148,14945,2025-04-16 17:54:00,3801.794130704096,数码,支付宝
1292,96262,2025-06-27 03:59:00,105.44751876453243,家电,银行卡
1624,55916,2025-09-22 23:11:00,998.327127253748,数码,微信
1432,61647,2025-10-29 18:55:00,4573.245791073238,美妆,微信
1676,70736,2025-05-23 14:18:00,3234.8820633784917,数码,微信
1862,63622,2025-07-14 06:21:00,,家电,银行卡
1174,62152,2025-08-30 20:34:00,4364.81864239193,食品,支付宝
1122,57290,2025-04-19 19:32:00,1120.367742107871,数码,支付宝
1687,12054,2025-10-23 22:18:00,3594.331285657849,家电,银行卡
1016,66398,2025-04-21 00:57:00,3781.918001665579,食品,支付宝
1333,81072,2025-04-17 15:40:00,2804.2334024321417,美妆,微信
1932,51404,2025-02-08 03:27:00,1537.4915053074442,食品,微信
1794,38522,2025-08-04 11:48:00,265.1180104310048,家电,支付宝
1261,35239,2025-06-04 03:17:00,4619.792681619587,美妆,支付宝
1554,34073,2025-12-07 01:02:00,2283.4709794068935,食品,银行卡
1615,72521,2025-05-10 08:23:00,4131.884465843121,美妆,微信
1301,52622,2025-08-11 18:17:00,4744.804300747947,数码,微信
1673,24047,2025-05-15 14:43:00,3374.798283439885,服装,银行卡
1704,26539,2025-08-27 19:01:00,1407.0425613718917,家电,微信
1862,62149,2025-09-10 02:47:00,1277.790738864991,数码,银行卡
1960,39281,2025-04-17 03:11:00,2633.857060617785,美妆,微信
1795,36476,2025-08-27 10:52:00,3787.871318366071,数码,银行卡
1142,76738,2025-07-19 23:48:00,1978.7168231762118,美妆,支付宝
1614,97324,2025-12-28 10:42:00,3673.320926972635,数码,微信
1806,63932,2025-05-29 21:54:00,4433.821694510074,家电,支付宝
1638,41462,2025-11-13 13:44:00,850.7225203799298,家电,银行卡
1704,87644,2025-07-31 13:04:00,,食品,支付宝
1988,24140,2025-09-23 05:35:00,402.4872965727745,美妆,支付宝
1467,86927,2025-03-12 12:18:00,1575.5905438184764,食品,微信
1002,61118,2025-02-03 03:08:00,809.5295604745,家电,支付宝
1505,12299,2025-05-30 15:00:00,2712.586351973635,家电,微信
1219,40982,2025-05-18 15:40:00,4633.548312535619,食品,银行卡
1802,34624,2025-09-09 07:59:00,110.10177465651944,服装,支付宝
1086,52979,2025-06-12 00:38:00,2482.57799093459,服装,微信
1283,62311,2025-12-30 09:27:00,3294.6756686452354,数码,微信
1847,26115,2025-11-15 21:22:00,1015.0084802560107,家电,支付宝
1624,86363,2025-05-08 08:47:00,1113.2941380752097,家电,银行卡
1806,14338,2025-01-14 03:23:00,3723.800022640325,食品,银行卡
1155,25477,2025-03-16 14:58:00,2858.910317126977,服装,支付宝
1592,13114,2025-11-04 13:26:00,,数码,微信
1057,37660,2025-01-27 11:05:00,1852.4970757974547,食品,支付宝
1339,54140,2025-03-14 09:57:00,3307.5373216677876,美妆,微信
1678,46183,2025-03-04 16:30:00,3220.974845211936,服装,银行卡
1009,59922,2025-12-11 14:13:00,1127.650598560171,数码,银行卡
1563,47935,2025-03-26 00:48:00,2092.125737828951,食品,微信
1077,14852,2025-04-30 10:08:00,3504.179560946902,美妆,支付宝
1045,54671,2025-04-12 03:48:00,,数码,支付宝
1002,58714,2025-06-10 11:48:00,3172.2221402254413,食品,支付宝
1100,55467,2025-02-27 06:31:00,1682.1847529146162,美妆,银行卡
1511,30147,2025-12-31 11:05:00,2121.662711774385,服装,支付宝
1088,72875,2025-11-02 15:47:00,3776.0228374064004,数码,银行卡
1063,98530,2025-08-22 21:55:00,436.0230375385068,服装,支付宝
1151,30255,2025-02-22 13:27:00,259.8987807620673,数码,银行卡
1619,10216,2025-04-02 15:47:00,3630.8558915513063,家电,银行卡
1907,36391,2025-09-08 05:16:00,3603.81116351254,服装,银行卡
1967,62178,2025-06-27 11:40:00,1025.0081827550182,美妆,银行卡
1822,66890,2025-04-29 07:08:00,1966.7449929015338,数码,支付宝
1383,44619,2025-03-03 18:42:00,111.91181520034021,美妆,支付宝
1724,42455,2025-10-16 06:23:00,3746.2458314668806,美妆,支付宝
1943,73561,2025-05-24 12:17:00,4626.991328405651,美妆,银行卡
1659,86492,2025-02-18 17:21:00,1996.905689865033,美妆,支付宝
1680,83901,2025-01-30 09:09:00,4378.644283341075,服装,银行卡
1687,76179,2025-09-02 20:27:00,1367.470306893292,家电,银行卡
1255,58169,2025-01-15 07:28:00,1575.0416811078308,美妆,支付宝
1789,27497,2025-06-19 21:32:00,676.614887977217,美妆,银行卡
1861,59497,2025-09-16 15:46:00,3697.4697632346933,服装,微信
1099,54407,2025-12-09 18:13:00,1448.3434312634747,数码,支付宝
1083,27027,2025-09-04 06:02:00,645.506716465412,数码,银行卡
1133,50749,2025-01-22 07:36:00,1850.6255590410392,食品,支付宝
1793,12928,2025-06-30 07:46:00,211.5904656139702,数码,微信
1217,17810,2025-09-27 21:41:00,2059.7620771601273,服装,银行卡
1837,25514,2025-06-05 11:43:00,4707.3439713059615,家电,支付宝
1900,71830,2025-11-24 18:47:00,4361.016278887289,食品,支付宝
1396,52418,2025-08-10 12:58:00,3151.7623176056704,数码,微信
1828,18317,2025-01-07 18:49:00,2869.9477084755385,食品,银行卡
1826,76311,2025-08-03 22:45:00,4202.317716272049,美妆,银行卡
1245,31427,2025-07-01 16:44:00,1421.2889600588112,食品,微信
1786,12102,2025-06-08 22:24:00,4862.100330486686,数码,银行卡
1837,27177,2025-04-18 19:39:00,873.7044294857221,美妆,银行卡
1276,58878,2025-05-17 02:29:00,1403.1058529336103,服装,银行卡
1052,57723,2025-01-01 20:27:00,220.69562676066676,数码,支付宝
1793,49042,2025-04-06 11:36:00,3963.869713795721,食品,微信
1191,47450,2025-09-03 07:42:00,4176.300275237078,家电,微信
1347,50275,2025-08-05 21:17:00,1133.190998544745,食品,支付宝
1538,24762,2025-01-09 13:20:00,313.11702230476357,食品,支付宝
1528,86177,2025-05-08 07:17:00,1451.6797476946215,数码,银行卡
1452,47972,2025-04-02 13:50:00,1106.4489547974763,家电,微信
1334,42513,2025-02-16 10:20:00,4187.474153817477,食品,银行卡
1525,30848,2025-11-30 15:18:00,2952.3199602418717,家电,银行卡
1145,80951,2025-12-22 06:05:00,1416.573697270564,家电,微信
1871,22856,2025-03-15 08:59:00,4092.0034121760796,美妆,支付宝
1314,37963,2025-03-14 19:22:00,3268.4836677128596,数码,微信
1714,21943,2025-06-07 06:07:00,2945.437122560997,服装,支付宝
1428,33631,2025-07-18 00:41:00,2518.8866430104895,家电,支付宝
1474,29414,2025-10-05 20:34:00,887.1654441005572,美妆,银行卡
1884,79320,2025-02-12 09:01:00,744.4051406550469,数码,微信
1335,36749,2025-09-17 02:05:00,3546.2673028753425,数码,银行卡
1810,87380,2025-03-29 21:14:00,4956.549991965929,数码,微信
1404,11475,2025-12-10 02:02:00,3724.537059603538,家电,微信
1289,18135,2025-01-20 13:59:00,,美妆,银行卡
1295,39136,2025-07-16 07:56:00,4773.532239599237,家电,支付宝
1549,50078,2025-11-28 16:59:00,535.9035889949209,家电,微信
1221,18900,2025-01-22 17:55:00,68.07186025510089,食品,微信
1908,29327,2025-05-22 22:13:00,4663.511095060037,数码,银行卡
1850,28586,2025-02-16 12:46:00,1322.0711997514857,食品,银行卡
1514,71561,2025-09-29 15:38:00,3284.6828048730317,美妆,支付宝
1994,41803,2025-09-17 17:34:00,,食品,微信
1966,83838,2025-11-23 13:55:00,4161.637311414979,美妆,支付宝
1668,70525,2025-07-10 07:11:00,1684.630154120305,服装,微信
1709,52577,2025-01-25 23:30:00,2813.3401174862893,服装,银行卡
1328,46184,2025-02-20 15:19:00,4050.421818665514,数码,支付宝
1875,42728,2025-11-25 18:20:00,1719.5317821950334,食品,银行卡
1133,55398,2025-03-16 12:24:00,270.0147887330979,服装,银行卡
1625,76269,2025-02-20 06:16:00,4840.000420055418,美妆,银行卡
1010,73307,2025-01-23 22:43:00,843.2959437859253,服装,支付宝
1596,22680,2025-06-26 22:04:00,135.915319300396,美妆,微信
1392,45875,2025-04-08 19:06:00,715.0425798174934,食品,银行卡
1427,22000,2025-02-20 09:04:00,1160.4182788875269,数码,银行卡
1883,68903,2025-09-03 03:31:00,2974.5706222697618,食品,支付宝
1458,35377,2025-06-29 15:01:00,2692.0603096068326,食品,银行卡
1373,63348,2025-05-03 03:03:00,1824.0694458981673,家电,银行卡
1260,30611,2025-06-27 12:39:00,4355.405715408341,数码,银行卡
1656,39092,2025-11-05 02:47:00,3135.4650083753013,美妆,支付宝
1544,33274,2025-12-04 06:50:00,1235.0586927861098,数码,银行卡
1027,24211,2025-10-12 08:49:00,1605.814540214479,服装,银行卡
1548,25958,2025-09-06 03:27:00,1232.0228365970936,数码,支付宝
1774,56180,2025-11-30 11:48:00,1638.554740047611,数码,支付宝
1247,60696,2025-12-22 09:42:00,2693.9694964606565,食品,支付宝
1136,48649,2025-08-18 01:51:00,4380.442462456651,数码,银行卡
1873,58289,2025-03-30 07:46:00,2615.9301357908153,美妆,支付宝
1130,36575,2025-12-25 07:27:00,89.75542320931507,数码,支付宝
1776,66182,2025-03-03 22:45:00,2842.31837647161,食品,微信
1353,98204,2025-10-06 04:10:00,3079.89353558801,食品,支付宝
1448,27729,2025-04-09 10:14:00,557.420942496599,家电,支付宝
1073,62512,2025-12-18 16:31:00,4105.79751011409,数码,银行卡
1722,44482,2025-03-27 07:25:00,1955.7537877733557,家电,银行卡
1582,27300,2025-11-01 12:28:00,4702.3405966614755,美妆,银行卡
1975,57278,2025-10-19 22:07:00,2865.009751894305,美妆,微信
1377,60632,2025-01-06 14:23:00,4423.608719188516,食品,微信
1133,14119,2025-04-27 00:46:00,3736.2434648780672,美妆,银行卡
1073,96107,2025-06-16 15:56:00,4542.082029061971,食品,支付宝
1986,35759,2025-11-11 22:49:00,2567.842090809185,家电,银行卡
1334,30605,2025-07-29 04:46:00,614.0220388774331,美妆,支付宝
1039,83920,2025-02-04 18:55:00,577.2671942799924,数码,微信
1338,35193,2025-02-24 18:27:00,4109.290639538815,家电,支付宝
1463,91376,2025-03-16 04:03:00,488.56537593390874,家电,银行卡
1500,93123,2025-06-29 01:20:00,405.7927699939364,数码,支付宝
1274,58613,2025-09-30 22:59:00,3987.719875858831,美妆,支付宝
1592,43144,2025-06-27 12:10:00,3488.402885230737,数码,支付宝
1157,25182,2025-06-09 06:14:00,1525.100078572331,食品,微信
1334,82359,2025-01-17 03:45:00,669.6664932757271,食品,支付宝
1381,54982,2025-09-22 16:14:00,4993.199911481177,美妆,银行卡
1500,18581,2025-07-27 14:44:00,3993.5950275595183,服装,微信
1241,11717,2025-09-30 01:35:00,4772.8183672056975,食品,微信
1080,56276,2025-11-12 07:19:00,4422.9129406152415,服装,支付宝
1028,54123,2025-09-02 09:09:00,823.4423015928439,家电,微信
1650,43561,2025-03-22 06:56:00,4546.931272975757,家电,银行卡
1514,17559,2025-07-03 23:34:00,3561.135356071289,美妆,微信
1304,89367,2025-02-17 09:40:00,,美妆,微信
1369,48044,2025-12-12 07:41:00,806.7319348181933,美妆,支付宝
1678,89079,2025-08-01 18:07:00,1337.8571190606192,美妆,银行卡
1125,19087,2025-04-02 12:47:00,2023.9750333826514,家电,支付宝
1542,53922,2025-08-03 11:46:00,1484.9813003934967,家电,银行卡
1861,63135,2025-11-25 08:53:00,3069.5435582831637,服装,微信
1443,17899,2025-07-17 04:17:00,4777.459824427074,家电,银行卡
1249,36706,2025-08-15 20:32:00,2305.46336930513,数码,支付宝
1047,40430,2025-01-03 14:36:00,4138.338865947781,食品,银行卡
1904,62893,2025-03-20 01:54:00,551.0139771560246,家电,银行卡
1584,53044,2025-01-10 00:20:00,3377.838058612308,食品,微信
1208,38039,2025-11-30 02:22:00,4140.664331829025,家电,银行卡
1602,41527,2025-11-25 12:36:00,4178.683629606977,美妆,支付宝
1361,17738,2025-05-17 14:11:00,1245.7391581065092,数码,支付宝
1036,11833,2025-06-15 18:39:00,869.1185242821234,数码,银行卡
1925,45232,2025-05-21 18:53:00,4213.780507320995,食品,银行卡
1715,32125,2025-08-25 06:03:00,3941.695856546649,美妆,银行卡
1403,81752,2025-08-06 02:18:00,482.2339995731798,服装,支付宝
1446,95929,2025-04-12 18:13:00,2658.3306669208687,食品,微信
1079,41359,2025-05-02 02:51:00,2935.1128909920817,数码,支付宝
1169,93374,2025-08-15 02:24:00,3900.9355256876775,服装,微信
1363,48663,2025-07-31 14:36:00,1579.9505801451023,服装,支付宝
1338,55059,2025-04-22 02:44:00,4037.579920907026,美妆,微信
1986,80331,2025-07-15 13:57:00,3916.129532094636,家电,银行卡
1194,28265,2025-07-31 13:46:00,4623.98305245604,美妆,银行卡
1835,17276,2025-07-19 23:28:00,2266.544127558488,美妆,微信
1986,10945,2025-04-27 11:44:00,2805.310003750131,家电,银行卡
1695,41366,2025-04-23 03:17:00,1382.9839023741185,数码,支付宝
1489,35162,2025-08-27 12:17:00,4112.7886952376475,服装,银行卡
1913,46790,2025-11-30 11:15:00,307.25159424541266,数码,银行卡
1849,70347,2025-07-23 01:20:00,1711.5612690984674,食品,银行卡
1456,95575,2025-10-11 14:14:00,1489.241627882259,食品,微信
1376,78902,2025-12-23 01:49:00,2451.9505549844157,美妆,支付宝
1945,30038,2025-11-04 06:17:00,3535.733975350792,食品,银行卡
1538,35444,2025-10-17 07:34:00,3932.7385497725068,数码,银行卡
1166,56984,2025-06-21 09:02:00,1385.6123098309465,家电,支付宝
1654,64517,2025-05-03 07:55:00,3283.8618824937525,食品,支付宝
1902,53526,2025-03-06 22:10:00,2848.833103659287,食品,微信
1105,41282,2025-10-01 00:40:00,1016.122013284666,家电,微信
1853,52815,2025-07-29 15:11:00,1880.0950271159043,数码,支付宝
1299,39744,2025-07-11 09:21:00,1335.3212549688822,家电,支付宝
1502,38607,2025-04-15 14:38:00,,服装,支付宝
1234,23055,2025-03-08 14:37:00,1900.125110123557,美妆,支付宝
1265,92632,2025-01-04 00:02:00,957.7362901650853,食品,微信
1543,90258,2025-06-01 22:07:00,1595.1489323280664,食品,银行卡
1996,62563,2025-11-19 17:27:00,815.3333983526703,服装,银行卡
1341,90043,2025-12-29 11:51:00,1832.0977367944424,服装,微信
1300,96780,2025-12-21 22:02:00,4042.132960459877,服装,微信
1528,64800,2025-10-08 16:23:00,2357.038451755415,服装,微信
1115,98905,2025-05-18 03:09:00,4173.486721345162,食品,支付宝
1426,41093,2025-04-18 14:16:00,2197.993232405772,数码,银行卡
1144,91275,2025-08-22 12:25:00,2784.6113443129275,食品,银行卡
1985,40286,2025-05-02 07:57:00,3107.183585956454,数码,微信
1827,90291,2025-08-11 10:36:00,2085.0789648772475,家电,支付宝
1019,82989,2025-04-18 03:31:00,4991.7600294031035,服装,支付宝
1022,35041,2025-09-04 10:29:00,2110.150131532869,食品,支付宝
1074,80515,2025-07-09 16:54:00,2122.436116768092,家电,银行卡
1631,60894,2025-10-12 15:06:00,520.8071116972358,数码,支付宝
1296,30814,2025-10-08 08:14:00,2714.204876505265,家电,微信
1193,85073,2025-07-20 17:11:00,2849.0936434456144,食品,微信
1153,55530,2025-12-05 12:55:00,465.0171659346273,数码,微信
1005,66401,2025-01-12 16:10:00,4813.204449133298,食品,微信
1644,92827,2025-07-20 06:48:00,2157.89214016989,食品,微信
1201,84815,2025-02-24 07:01:00,4679.420411089789,服装,支付宝
1728,58332,2025-12-15 07:02:00,2857.7859398167147,服装,支付宝
1324,41406,2025-12-06 23:18:00,3728.2422973587954,数码,微信
1808,73351,2025-01-08 13:09:00,341.7663626282311,食品,银行卡
1133,97484,2025-03-27 18:47:00,709.4585745116945,家电,微信
1068,28842,2025-07-15 02:27:00,1083.336219293495,食品,银行卡
1793,51766,2025-12-06 12:30:00,1082.0207280656657,食品,银行卡
1407,13819,2025-12-11 02:17:00,1417.7213925243886,美妆,支付宝
1847,46704,2025-07-17 20:26:00,3683.6735705010783,家电,微信
1658,25271,2025-05-06 05:02:00,948.0106788763427,家电,银行卡
1183,21425,2025-06-17 19:28:00,1865.1185212615817,美妆,微信
1457,43992,2025-10-10 18:18:00,1407.1523156050257,服装,银行卡
1191,57838,2025-06-22 17:05:00,,美妆,银行卡
1721,90915,2025-10-09 17:31:00,4840.2489171879,服装,银行卡
1163,25077,2025-02-20 17:38:00,1406.9355649300342,家电,微信
1642,54501,2025-10-15 16:28:00,153.99627511757214,食品,支付宝
1689,49947,2025-04-23 13:55:00,3242.7107255360665,数码,微信
1985,36671,2025-03-07 03:57:00,445.472675014002,美妆,银行卡
1876,26156,2025-03-16 22:00:00,4588.489180729032,家电,银行卡
1685,80650,2025-10-19 10:40:00,4895.332785731088,服装,微信
1644,74826,2025-05-13 12:58:00,2260.771471101252,数码,微信
1772,44961,2025-03-18 02:04:00,3480.1432706923474,美妆,银行卡
1478,40627,2025-11-16 08:22:00,1227.6752346961673,数码,银行卡
1689,55702,2025-10-07 09:29:00,899.1867330340342,美妆,银行卡
1700,32705,2025-11-16 16:17:00,961.9397341132687,家电,支付宝
1308,61922,2025-01-29 22:36:00,920.6517824507653,食品,支付宝
1963,20728,2025-02-25 12:23:00,3748.3739484316766,家电,微信
1643,34543,2025-04-09 07:05:00,347.191117244823,家电,微信
1147,30193,2025-09-26 06:45:00,2610.526529027035,家电,微信
1367,85677,2025-09-20 16:51:00,1978.4678504683739,食品,支付宝
1063,18312,2025-01-22 09:29:00,3134.62362198281,食品,银行卡
1611,31092,2025-06-26 00:23:00,2920.0279257748853,家电,微信
1570,42097,2025-04-04 02:01:00,2695.2320007370336,美妆,支付宝
1957,48841,2025-07-16 21:45:00,3287.4104347719294,家电,支付宝
1219,44995,2025-04-23 06:00:00,4571.728658155107,家电,微信
1950,68548,2025-12-11 13:56:00,3533.927143258109,家电,支付宝
1732,82722,2025-03-05 01:00:00,905.1262371898156,数码,支付宝
1810,53876,2025-10-08 14:06:00,4092.4159592777637,食品,银行卡
1800,70862,2025-11-19 10:29:00,917.6399955022266,美妆,银行卡
1110,24094,2025-12-07 12:19:00,249.7497964053228,服装,微信
1521,73548,2025-12-25 01:40:00,3461.113620084519,数码,微信
1488,77470,2025-06-20 13:05:00,3722.683819222332,食品,微信
1358,84552,2025-01-14 05:33:00,4750.797689939681,食品,支付宝
1583,96075,2025-05-20 23:54:00,1059.9723861405887,服装,银行卡
1724,68108,2025-02-23 16:05:00,3869.2090209184175,数码,支付宝
1964,84826,2025-10-23 17:39:00,2564.589541202827,美妆,支付宝
1892,72981,2025-07-06 09:43:00,1479.493025952117,食品,银行卡
1009,36943,2025-10-26 00:06:00,2198.2354462135436,数码,银行卡
1821,10728,2025-01-05 17:21:00,4419.203665837265,服装,支付宝
1462,16856,2025-02-22 09:24:00,1703.3751010890178,数码,支付宝
1140,87743,2025-02-15 10:38:00,1896.3676205435697,美妆,银行卡
1409,59141,2025-08-28 18:37:00,3252.8591222980317,美妆,微信
1357,87790,2025-06-29 18:19:00,4886.093529558862,美妆,银行卡
1897,17038,2025-05-01 12:49:00,3992.9850964863294,家电,银行卡
1189,40215,2025-09-16 21:05:00,755.9883467769824,食品,微信
1077,62141,2025-02-16 07:56:00,1517.4405512292506,家电,银行卡
1488,54347,2025-09-13 05:33:00,4922.265867205657,数码,银行卡
1148,97289,2025-06-08 06:46:00,,食品,银行卡
1879,35880,2025-05-25 09:26:00,1502.3857969899548,数码,银行卡
1098,23264,2025-09-30 06:43:00,1410.3258091105315,数码,银行卡
1445,61716,2025-07-07 23:58:00,870.6929666829772,数码,支付宝
1497,79758,2025-04-24 18:06:00,3704.8347164090237,服装,支付宝
1876,52026,2025-04-01 00:51:00,1347.534933145191,数码,微信
1234,91145,2025-02-09 22:23:00,4565.031112132014,美妆,支付宝
1540,86365,2025-08-07 13:59:00,466.7638322539264,服装,微信
1339,82529,2025-04-21 18:25:00,2907.3139397623095,家电,支付宝
1942,82467,2025-03-04 19:35:00,1552.036037030498,家电,银行卡
1923,10588,2025-12-10 07:56:00,556.0970786724539,家电,银行卡
1714,30708,2025-09-13 16:40:00,2884.520887727953,数码,支付宝
1884,15859,2025-10-01 22:56:00,957.7257368593405,数码,银行卡
1784,31679,2025-01-07 11:10:00,2335.403315244076,食品,支付宝
1637,49596,2025-11-19 07:12:00,963.8206197307607,食品,支付宝
1698,84127,2025-12-30 11:28:00,2505.843019028754,家电,微信
1169,45283,2025-06-23 20:07:00,3120.96476629271,数码,支付宝
1612,68574,2025-05-14 10:50:00,,服装,银行卡
1922,29831,2025-07-02 22:43:00,,数码,支付宝
1707,35596,2025-03-28 04:15:00,4466.897266516125,食品,银行卡
1495,52685,2025-05-13 05:45:00,1620.0197101639244,食品,支付宝
1950,27516,2025-03-13 08:39:00,2825.264348031575,数码,支付宝
1078,62870,2025-12-12 04:48:00,2567.878179706654,数码,微信
1148,17814,2025-01-24 17:27:00,4075.403299144858,美妆,微信
1654,70814,2025-09-19 15:40:00,1712.2959138007486,食品,银行卡
1510,18035,2025-05-03 07:57:00,1619.6031601322607,家电,银行卡
1774,47156,2025-02-24 09:21:00,1244.8109329944978,家电,支付宝
1413,36527,2025-10-21 22:29:00,1701.0668916159718,服装,银行卡
1878,16008,2025-06-15 03:07:00,2865.343753895279,家电,银行卡
1429,47035,2025-04-12 23:40:00,1455.188871265283,美妆,微信
1450,65321,2025-03-13 15:39:00,1587.6363553993924,数码,微信
1348,62248,2025-09-08 12:29:00,4424.434655088318,家电,银行卡
1714,49778,2025-09-25 14:46:00,3355.1903471115074,数码,银行卡
1581,99704,2025-01-07 06:10:00,2086.3035648286664,家电,银行卡
1237,30989,2025-01-06 02:23:00,2577.632057102335,家电,支付宝
1720,65997,2025-05-16 19:15:00,3346.917015511723,服装,微信
1060,37799,2025-05-03 05:43:00,,数码,微信
1504,82742,2025-02-12 03:52:00,4260.279726584474,食品,支付宝
1493,30553,2025-04-30 16:43:00,2867.6326862861197,美妆,支付宝
1345,40813,2025-11-13 19:52:00,3037.7323569799278,数码,支付宝
1156,49959,2025-11-09 17:29:00,1388.442758645344,美妆,微信
1680,23019,2025-08-30 12:14:00,4831.3877889081505,美妆,微信
1572,40601,2025-09-29 16:47:00,2576.921862781556,数码,支付宝
1365,29865,2025-06-18 04:19:00,1101.2287743826837,家电,支付宝
1855,78155,2025-07-29 23:51:00,1236.7501197305617,美妆,银行卡
1957,76754,2025-11-04 16:22:00,4637.291047399974,食品,银行卡
1296,20887,2025-08-04 10:04:00,3948.226538663627,家电,银行卡
1360,61908,2025-01-15 09:13:00,2224.191674765148,服装,银行卡
1678,71740,2025-07-06 08:20:00,1020.7302154755879,家电,银行卡
1774,80287,2025-11-06 21:05:00,708.8333410332157,数码,微信
1710,57717,2025-09-17 09:23:00,2002.7279013626842,服装,银行卡
1652,58105,2025-09-18 13:04:00,4276.342344855836,服装,支付宝
1014,34594,2025-11-15 09:59:00,423.50289174985414,食品,微信
1210,27820,2025-12-16 12:59:00,4188.589684158606,食品,微信
1152,15419,2025-10-05 23:15:00,4550.077653506601,家电,微信
1736,47379,2025-06-04 04:36:00,3308.139829980469,食品,微信
1102,79288,2025-11-28 22:15:00,4595.33151783575,服装,微信
1544,73172,2025-05-18 14:24:00,737.7820761112918,美妆,银行卡
1583,28775,2025-04-26 04:03:00,3553.535827622994,美妆,银行卡
1236,95822,2025-01-10 21:23:00,,美妆,支付宝
1163,11927,2025-11-16 10:44:00,2516.4247348000754,服装,银行卡
1180,58209,2025-10-27 21:10:00,4594.414230959761,服装,微信
1614,24228,2025-05-22 22:30:00,3889.6733071404587,食品,微信
1336,43159,2025-05-09 20:29:00,1176.2154391087952,食品,微信
1740,57801,2025-04-12 15:02:00,3214.616978754412,数码,支付宝
1469,45091,2025-10-06 20:31:00,20.304241530977823,服装,微信
1333,45499,2025-05-20 04:04:00,4567.43670768859,美妆,微信
1208,32385,2025-02-07 16:32:00,2072.000647856777,服装,支付宝
1293,89296,2025-05-17 20:05:00,814.5525325543946,家电,支付宝
1739,17945,2025-12-06 18:49:00,3750.1168518066825,美妆,支付宝
1012,58315,2025-07-25 18:49:00,4127.652154157194,美妆,支付宝
1167,58118,2025-09-26 13:46:00,3286.512256098757,家电,微信
1257,63781,2025-02-15 23:57:00,2550.7094185986875,食品,支付宝
1322,84624,2025-06-24 15:28:00,3362.0040345874086,数码,银行卡
1365,70944,2025-04-30 08:23:00,336.2627937055248,食品,支付宝
1507,81750,2025-10-14 15:19:00,2060.203451189366,家电,支付宝
1705,21989,2025-02-22 06:38:00,1402.740645982952,家电,银行卡
1248,27258,2025-12-18 12:19:00,2330.4367846406867,美妆,银行卡
1509,60516,2025-06-14 06:01:00,4454.136268357939,食品,支付宝
1907,43905,2025-02-01 05:23:00,2289.895922555739,家电,支付宝
1057,57932,2025-09-10 18:39:00,4221.9638506029605,服装,银行卡
1843,99750,2025-06-23 11:45:00,4954.255520556181,数码,支付宝
1798,33572,2025-04-12 07:19:00,3508.502254216235,食品,支付宝
1424,55086,2025-02-21 05:34:00,3000.8030967285185,家电,支付宝
1219,91734,2025-08-27 02:35:00,1994.360295380864,数码,支付宝
1090,60708,2025-11-04 23:08:00,3901.0830414564834,美妆,银行卡
1649,84129,2025-06-30 17:49:00,69.5796994886664,食品,微信
1915,71777,2025-02-07 18:32:00,,食品,微信
1632,47651,2025-03-29 23:28:00,1299.0855338337803,家电,微信
1212,62364,2025-03-29 02:19:00,3391.4297942401217,美妆,微信
1418,66217,2025-10-02 02:40:00,709.5280205899495,服装,支付宝
1241,52439,2025-08-23 05:54:00,1887.187409094495,数码,银行卡
1714,61739,2025-08-03 13:02:00,3149.062559779389,食品,支付宝
1428,75032,2025-06-15 06:03:00,240.33869550391918,家电,支付宝
1581,32325,2025-05-02 14:53:00,791.2967220414994,食品,银行卡
1139,78013,2025-02-18 07:39:00,2399.3988147119708,美妆,银行卡
1463,30866,2025-02-13 03:02:00,3402.411643956013,美妆,微信
1971,47260,2025-04-02 07:57:00,2676.9308474216346,美妆,支付宝
1618,19156,2025-05-18 04:13:00,492.22462196642437,数码,银行卡
1711,61503,2025-01-19 20:45:00,2942.0587586985225,数码,银行卡
1670,40616,2025-10-29 17:16:00,3485.694541048667,食品,银行卡
1737,33548,2025-08-19 01:09:00,1866.9094487106388,服装,支付宝
1115,47506,2025-07-24 21:24:00,2439.339267485571,食品,银行卡
1201,61545,2025-05-21 14:29:00,3302.0417009873054,家电,微信
1168,38927,2025-06-08 04:37:00,2946.8868777320163,服装,银行卡
1214,38589,2025-09-20 07:33:00,3584.90916909185,家电,支付宝
1497,12196,2025-09-11 23:36:00,2596.6755083036305,数码,支付宝
1264,95989,2025-10-16 13:43:00,1693.6747585317723,服装,微信
1891,41586,2025-05-11 09:34:00,,家电,微信
1798,73299,2025-03-05 17:36:00,164.9916625556461,服装,微信
1333,11328,2025-08-30 11:22:00,384.93695536447495,服装,微信
1626,44573,2025-11-02 05:38:00,436.64557370973955,服装,支付宝
1727,52873,2025-03-15 09:44:00,4381.70256343625,服装,微信
1873,62893,2025-07-16 18:59:00,197.2404481607784,数码,微信
1792,44599,2025-06-07 05:39:00,3789.688894123153,食品,银行卡
1276,49108,2025-12-21 22:09:00,3906.2371467864864,数码,支付宝
1476,66328,2025-01-03 18:11:00,3976.230817234275,家电,支付宝
1406,42699,2025-12-05 01:54:00,2264.046904319468,家电,微信
1641,93414,2025-10-04 22:19:00,2599.6385784076015,食品,微信
1583,69086,2025-05-08 12:46:00,2122.356684992398,服装,银行卡
1760,33543,2025-12-31 02:18:00,1331.092643188588,数码,微信
1363,25890,2025-01-01 04:46:00,4308.53738349129,数码,支付宝
1246,86573,2025-08-03 07:48:00,1148.1453561691776,食品,支付宝
1495,69783,2025-01-19 00:08:00,3565.717355283509,美妆,银行卡
1032,70279,2025-02-07 12:01:00,3974.887639980158,服装,支付宝
1241,16428,2025-12-21 20:03:00,4884.079020164171,食品,支付宝
1477,86726,2025-03-06 21:06:00,3927.5159206241246,美妆,支付宝
1232,27480,2025-08-27 01:19:00,4074.046519026669,美妆,银行卡
1275,74680,2025-06-03 00:27:00,2935.173938325748,数码,支付宝
1550,17276,2025-09-05 15:34:00,3535.428352760254,家电,微信
1137,73299,2025-01-01 11:16:00,2237.861801144103,食品,微信
1283,96791,2025-07-07 04:34:00,26.77244747302651,服装,微信
1321,58937,2025-05-27 11:48:00,1550.7215624177672,食品,微信
1527,11040,2025-01-29 14:04:00,3806.301352773064,食品,银行卡
1844,73224,2025-03-06 07:15:00,4099.542993016972,数码,支付宝
1474,70237,2025-01-25 16:27:00,1987.4285047273136,服装,支付宝
1880,62772,2025-10-07 22:47:00,1279.9526538736734,食品,银行卡
1039,35370,2025-10-08 19:02:00,2127.8241051883047,数码,银行卡
1135,51011,2025-04-01 06:59:00,1187.448901822609,数码,支付宝
1543,13736,2025-05-06 18:41:00,4015.3188217613183,美妆,支付宝
1266,28683,2025-01-03 21:19:00,2958.662694486054,服装,支付宝
1241,87224,2025-01-13 09:26:00,3831.3058896107723,家电,支付宝
1957,82380,2025-10-15 06:02:00,4376.366478043092,服装,微信
1068,14105,2025-05-23 15:14:00,726.8255041168674,服装,微信
1826,64217,2025-02-01 01:42:00,935.8791472984484,数码,支付宝
1329,55256,2025-04-11 13:15:00,4387.782911273784,数码,支付宝
1928,36089,2025-03-24 12:04:00,3853.479838850946,美妆,微信
1934,86764,2025-10-05 08:27:00,525.0415198832687,数码,支付宝
1140,60474,2025-04-25 12:03:00,208.55997473045343,数码,微信
1180,88788,2025-09-09 22:28:00,1880.9444131024272,食品,银行卡
1519,37989,2025-02-01 06:04:00,2061.2158193059854,数码,银行卡
1381,81095,2025-11-10 19:06:00,769.6044619845725,美妆,银行卡
1948,14896,2025-04-28 20:06:00,4403.771858436404,数码,银行卡
1682,75861,2025-08-03 22:55:00,3046.801587845218,食品,银行卡
1885,73208,2025-01-23 22:32:00,1335.7948982551936,家电,银行卡
1764,40956,2025-09-23 16:34:00,4994.343014557616,数码,微信
1046,16816,2025-07-23 03:09:00,1503.0012324526383,家电,微信
1391,25128,2025-08-02 19:56:00,3494.215541977029,数码,银行卡
1419,73639,2025-06-20 16:44:00,4760.191272911314,数码,银行卡
1496,51708,2025-06-15 08:39:00,2551.324207533011,数码,支付宝
1372,90589,2025-12-03 09:16:00,2121.4716692046477,数码,支付宝
1734,46892,2025-05-15 03:18:00,1674.0842765395548,家电,支付宝
1850,37382,2025-06-11 10:32:00,219.8157792764621,家电,银行卡
1334,38019,2025-11-03 18:53:00,2254.2390169362766,服装,支付宝
1620,61325,2025-03-24 20:03:00,3330.1866582609264,家电,微信
1810,68089,2025-02-02 08:37:00,2712.6089082576173,数码,支付宝
1321,44280,2025-06-22 14:47:00,3259.4501014570446,服装,银行卡
1520,81540,2025-04-03 20:25:00,2957.1035747032474,服装,支付宝
1231,47188,2025-08-18 06:59:00,1171.7482604644445,食品,银行卡
1761,35724,2025-12-16 09:03:00,711.8968230236477,家电,支付宝
1765,34815,2025-11-08 07:45:00,1414.2699043824962,美妆,微信
1404,19459,2025-11-30 06:22:00,1534.0215847377824,数码,微信
1116,43641,2025-08-17 10:44:00,3820.7782724394815,美妆,支付宝
1835,68518,2025-10-30 09:28:00,4246.057656800224,家电,支付宝
1446,10362,2025-05-09 10:38:00,1289.7053731229448,美妆,支付宝
1041,41481,2025-03-18 03:31:00,2655.8180308895935,美妆,支付宝
1552,49397,2025-04-20 23:32:00,1423.7402669125015,家电,支付宝
1614,76016,2025-10-31 09:24:00,97.87876899034178,美妆,微信
1459,90438,2025-10-18 00:52:00,3853.5593082075784,家电,银行卡
1870,21519,2025-02-19 18:09:00,4704.984922650341,食品,支付宝
1426,18144,2025-10-26 23:31:00,497.8332842089718,家电,微信
1925,64612,2025-08-12 17:13:00,2339.116444211787,美妆,银行卡
1981,80799,2025-11-12 22:13:00,,服装,微信
1031,85931,2025-04-20 22:05:00,1455.139374891514,家电,支付宝
1490,19956,2025-12-27 17:38:00,4858.92905515502,食品,微信
1352,13583,2025-10-30 00:52:00,58.01067621064215,数码,支付宝
1973,51318,2025-04-11 15:43:00,1476.7044363499379,家电,微信
1555,99475,2025-01-12 15:40:00,4584.37521903714,服装,支付宝
1425,80829,2025-08-28 01:11:00,1639.8249097139603,美妆,银行卡
1941,49157,2025-11-28 20:14:00,2084.660139737558,家电,银行卡
1805,13795,2025-02-02 00:38:00,1970.597761085866,家电,银行卡
1504,91207,2025-04-19 05:49:00,3926.4390570897954,美妆,银行卡
1212,41722,2025-08-16 04:47:00,4937.792663468372,服装,银行卡
1117,96750,2025-01-08 02:19:00,2134.511372198424,食品,支付宝
1366,55070,2025-01-26 19:40:00,2869.4702595558165,食品,微信
1048,10622,2025-07-12 04:33:00,4739.127485004126,食品,支付宝
1075,66026,2025-12-16 06:53:00,4667.681963774981,服装,微信
1921,14292,2025-12-01 10:04:00,4566.1104751593775,食品,银行卡
1831,46055,2025-10-10 20:29:00,1850.6087421393497,家电,微信
1236,13171,2025-03-14 20:32:00,943.4522514315444,食品,银行卡
1516,85292,2025-12-30 07:21:00,3857.8528397122814,美妆,银行卡
1515,83391,2025-08-30 09:43:00,1905.809493199044,食品,银行卡
1998,61209,2025-12-01 10:20:00,3179.8243464370266,家电,银行卡
1249,47388,2025-12-20 14:53:00,3190.226516943898,家电,银行卡
1605,10748,2025-08-23 16:32:00,3795.057578608454,数码,微信
1115,39950,2025-09-26 13:21:00,3246.6832650522006,家电,银行卡
1828,95557,2025-03-20 15:38:00,4810.321744707015,美妆,微信
1539,89573,2025-09-06 10:58:00,383.1465927759641,食品,银行卡
1738,99382,2025-01-21 22:57:00,3562.8948474934946,家电,银行卡
1616,82202,2025-05-15 09:37:00,264.22874988791,服装,微信
1730,38336,2025-04-16 23:16:00,3782.0450070865554,美妆,银行卡
1280,61804,2025-10-05 04:28:00,4603.157071388841,服装,支付宝
1968,76930,2025-12-02 05:51:00,,美妆,微信
1200,98227,2025-01-25 22:59:00,1366.415207010276,家电,微信
1241,60769,2025-12-02 11:18:00,2474.664663370573,数码,微信
1985,75614,2025-08-10 08:56:00,690.2435281658827,家电,微信
1475,18649,2025-08-17 16:31:00,4242.761744984605,数码,支付宝
1961,91578,2025-01-11 18:24:00,2607.526507273503,食品,支付宝
1143,43746,2025-08-10 13:18:00,4207.096423661767,美妆,支付宝
1168,62781,2025-06-26 22:40:00,3201.690932783104,美妆,支付宝
1077,85061,2025-03-23 15:58:00,,家电,银行卡
1167,57898,2025-07-10 16:05:00,1331.4575756315173,美妆,支付宝
1203,47160,2025-01-15 14:38:00,1650.3494254111156,食品,微信
1741,19635,2025-04-07 16:26:00,,服装,银行卡
1663,92041,2025-02-11 11:29:00,1438.0966489633736,食品,微信
1359,26743,2025-04-12 18:22:00,2663.7547874508373,美妆,微信
1759,12220,2025-02-22 15:57:00,1496.8547537662432,食品,银行卡
1770,81448,2025-04-15 22:09:00,790.456005597096,美妆,微信
1900,95061,2025-07-24 22:21:00,4451.559303485013,服装,微信
1801,64440,2025-06-10 19:30:00,1227.0001070998794,食品,银行卡
1393,83095,2025-06-16 02:20:00,4404.408982823943,食品,微信
1809,47163,2025-09-26 05:35:00,686.8904522046224,服装,银行卡
1948,62366,2025-02-10 12:35:00,4840.985635981248,美妆,支付宝
1797,41112,2025-03-14 02:11:00,1467.3802715508577,美妆,银行卡
1255,61865,2025-03-09 01:23:00,545.3434981810462,数码,支付宝
1039,62759,2025-09-06 14:08:00,1222.6162355524875,数码,微信
1215,92667,2025-07-13 08:52:00,90.15613782010212,食品,支付宝
1829,48902,2025-01-05 05:11:00,4573.8058619803005,美妆,微信
1517,87689,2025-05-10 10:15:00,,服装,微信
1549,77763,2025-07-22 15:42:00,1538.7329273838177,美妆,支付宝
1780,18314,2025-07-27 16:13:00,2621.1375668373016,美妆,支付宝
1928,12045,2025-09-15 11:40:00,2476.2706061022473,食品,微信
1920,97284,2025-04-22 03:41:00,3167.933473206053,服装,支付宝
1257,81416,2025-01-26 12:50:00,3523.722074093904,服装,支付宝
1219,71065,2025-03-27 18:58:00,3945.530221258848,家电,微信
1432,44120,2025-06-22 20:30:00,2683.7021826494615,数码,微信
1865,50780,2025-02-20 05:06:00,1278.6854653796747,服装,支付宝
1918,61766,2025-09-13 16:56:00,2755.5822829168924,数码,支付宝
1812,91569,2025-01-19 16:50:00,1134.5140139658083,美妆,支付宝
1249,32086,2025-02-11 08:15:00,4195.806159133474,美妆,银行卡
1664,90391,2025-12-14 23:21:00,367.25990122271986,服装,支付宝
1370,80494,2025-10-23 09:55:00,983.6006221389051,美妆,银行卡
1530,17822,2025-07-15 10:24:00,,服装,银行卡
1019,39450,2025-05-18 09:26:00,4267.717181405444,食品,微信
1112,74754,2025-12-27 11:29:00,1291.1202192030871,食品,银行卡
1785,34883,2025-09-01 18:24:00,3416.9835065798115,家电,微信
1669,33367,2025-05-20 21:10:00,4939.334920974916,数码,微信
1541,29677,2025-08-27 19:32:00,759.7717680932356,家电,微信
1856,12032,2025-03-19 04:49:00,3253.0617318690447,美妆,微信
1130,25290,2025-04-26 11:18:00,733.3821061886481,美妆,银行卡
1595,85899,2025-05-23 12:04:00,211.04843342748455,服装,银行卡
1665,26788,2025-01-12 00:55:00,732.9566530831772,服装,银行卡
1007,50135,2025-05-24 12:13:00,1966.5060696314326,服装,支付宝
1560,34725,2025-01-31 15:15:00,3972.4053482839377,数码,银行卡
1685,63977,2025-07-15 04:58:00,1299.2170125723433,数码,微信
1937,33395,2025-08-05 17:06:00,2769.3527865028964,美妆,支付宝
1015,83864,2025-06-03 16:59:00,4368.810730799526,美妆,银行卡
1065,64405,2025-01-12 21:10:00,417.8806442452371,服装,银行卡
1052,39113,2025-01-23 06:57:00,2945.9917455854343,美妆,银行卡
1480,73726,2025-07-16 16:17:00,1944.5689150371143,数码,微信
1382,15956,2025-06-24 22:38:00,97.2912229592064,食品,银行卡
1986,73233,2025-08-08 20:00:00,334.47544798025166,美妆,支付宝
1724,24015,2025-04-27 22:20:00,1097.3993807683141,数码,微信
1283,58988,2025-03-24 09:45:00,433.79164032935836,服装,支付宝
1798,80254,2025-08-11 13:17:00,1093.4458648792004,食品,支付宝
1510,80759,2025-05-21 13:21:00,2194.4153472170624,家电,支付宝
1779,57548,2025-03-17 21:31:00,4909.1159533755745,食品,银行卡
1759,39547,2025-04-11 00:18:00,4844.90914326165,数码,支付宝
1541,18282,2025-03-28 15:58:00,4263.7233365948305,数码,微信
1684,96098,2025-06-02 20:38:00,4997.371460189325,家电,银行卡
1076,30032,2025-01-19 15:44:00,1526.9856986713717,食品,银行卡
1111,67429,2025-09-30 11:45:00,1915.1483393229057,家电,微信
1269,89274,2025-10-11 12:02:00,1526.38374047268,家电,支付宝
1239,86115,2025-05-27 11:31:00,4674.2602481892945,服装,支付宝
1103,39422,2025-09-27 20:47:00,305.6630363840821,美妆,微信
1693,84797,2025-07-23 01:19:00,1041.633182881323,数码,银行卡
1524,91917,2025-01-30 08:34:00,1832.3330571628953,美妆,微信
1951,48326,2025-05-19 08:57:00,3467.652953974409,家电,银行卡
1893,78026,2025-07-27 17:32:00,409.1955305630198,服装,银行卡
1815,75027,2025-07-30 08:59:00,4487.839068006439,食品,支付宝
1662,66891,2025-12-10 14:06:00,4040.394371196135,服装,支付宝
1538,12778,2025-02-19 12:33:00,4234.423732725916,数码,微信
1886,35441,2025-04-29 09:49:00,322.2056178825489,美妆,支付宝
1310,45742,2025-03-23 08:30:00,4500.82570930148,家电,微信
1962,46549,2025-03-11 09:45:00,,数码,支付宝
1730,31921,2025-07-07 14:16:00,3625.4138258116636,数码,银行卡
1939,77981,2025-11-24 10:09:00,4600.422504172919,数码,支付宝
1789,61422,2025-10-22 13:14:00,3550.4365335292387,美妆,微信
1430,47707,2025-06-13 08:44:00,,服装,支付宝
1144,60801,2025-06-29 12:09:00,1511.8135606079009,数码,微信
1009,43329,2025-07-29 08:02:00,2376.200156818213,家电,银行卡
1969,29138,2025-06-09 12:33:00,1428.1819974542464,美妆,支付宝
1629,82791,2025-03-28 04:56:00,3204.9217544658923,食品,银行卡
1043,94467,2025-10-04 06:14:00,544.6602873763173,数码,微信
1905,70221,2025-07-22 10:48:00,2057.962112934183,家电,支付宝
1789,84468,2025-04-22 03:11:00,4195.123692245839,美妆,微信
1839,78506,2025-08-24 11:33:00,3138.307854745898,家电,银行卡
1227,75548,2025-10-31 12:34:00,1441.0753334624412,美妆,微信
1385,57649,2025-07-25 07:32:00,4039.355700453906,家电,支付宝
1617,96233,2025-02-11 13:23:00,1629.082284323841,数码,微信
1416,33363,2025-01-04 20:50:00,4168.848642162232,家电,微信
1542,43331,2025-10-01 16:40:00,3048.089205059811,美妆,微信
1704,31480,2025-11-08 22:12:00,2358.318211836809,家电,银行卡
1150,10733,2025-08-14 21:22:00,1296.34592273506,美妆,支付宝
1891,30658,2025-01-05 06:13:00,1830.7758381841106,服装,银行卡
1087,44981,2025-10-24 20:14:00,2239.8429307946058,食品,银行卡
1336,86150,2025-04-30 16:17:00,2477.526537153414,美妆,支付宝
1764,10224,2025-02-27 16:07:00,1394.8788644183437,家电,微信
1051,94842,2025-08-19 09:23:00,490.07511399801655,食品,微信
1582,23120,2025-02-01 11:42:00,3351.9413934609765,数码,微信
1005,68265,2025-03-13 07:51:00,268.54534338069084,家电,微信
1617,85380,2025-05-04 19:29:00,1767.7191347171345,家电,微信
1295,10322,2025-06-05 23:33:00,3740.014518864583,服装,支付宝
1271,97766,2025-10-08 11:46:00,1516.308891184317,美妆,支付宝
1302,52252,2025-01-13 02:41:00,4217.254026992537,服装,支付宝
1911,76106,2025-05-11 19:33:00,2620.1156365910247,美妆,微信
1464,51286,2025-07-19 23:40:00,202.28464320252448,美妆,支付宝
1628,72220,2025-11-01 19:45:00,4341.290689242584,服装,支付宝
1065,62037,2025-01-06 11:42:00,2912.0710792727773,数码,银行卡
1494,86786,2025-10-05 05:24:00,,数码,支付宝
1926,13267,2025-08-26 04:27:00,821.2649054036712,美妆,支付宝
1401,44230,2025-10-23 17:54:00,4567.798935278953,数码,支付宝
1846,88781,2025-02-17 00:42:00,1968.7088406051976,食品,支付宝
1470,56618,2025-03-02 20:18:00,1524.4756052442924,食品,支付宝
1490,39186,2025-05-28 06:25:00,405.2325110717316,服装,支付宝
1887,63959,2025-02-06 15:22:00,3334.011804172819,食品,支付宝
1009,59646,2025-06-09 09:36:00,4038.1676365664575,服装,微信
1051,82162,2025-09-12 04:52:00,3286.113521721557,美妆,银行卡
1367,81914,2025-07-13 22:39:00,,美妆,微信
1022,90879,2025-12-20 13:38:00,2054.440852262062,服装,支付宝
1053,47534,2025-11-23 03:12:00,2435.577054319189,美妆,微信
1561,87739,2025-07-22 11:04:00,3183.8506067050116,数码,银行卡
1872,19159,2025-09-05 06:42:00,1283.2548990230603,数码,微信
1034,68507,2025-08-18 16:51:00,,家电,微信
1437,39587,2025-12-22 16:52:00,3759.0155494025726,服装,支付宝
1216,50597,2025-08-23 04:47:00,509.66794918455645,美妆,支付宝
1135,10112,2025-11-30 13:05:00,3678.3587791223717,食品,银行卡
1322,85993,2025-05-16 15:29:00,,数码,微信
1740,95614,2025-11-19 02:11:00,1863.6126323685955,食品,银行卡
1447,78371,2025-11-24 21:50:00,40.13017533881343,家电,支付宝
1792,76639,2025-04-11 19:18:00,1243.6778264631578,食品,支付宝
1450,40262,2025-07-04 04:42:00,3866.8082999087724,服装,微信
1658,97779,2025-07-18 01:18:00,1340.5372261877799,服装,银行卡
1526,59462,2025-09-29 13:24:00,3981.6079322720784,家电,支付宝
1633,31372,2025-08-25 05:59:00,428.69804198668425,服装,微信
1444,71292,2025-01-17 16:35:00,4404.501823472461,家电,银行卡
1238,76161,2025-06-20 09:11:00,,服装,银行卡
1387,18384,2025-02-27 23:41:00,3205.121486673118,美妆,支付宝
1743,78389,2025-04-03 01:56:00,4962.843633743345,美妆,微信
1617,83063,2025-06-03 14:52:00,3676.189805239547,家电,微信
1208,47013,2025-04-14 05:05:00,1282.2740401348553,美妆,支付宝
1039,25748,2025-09-10 10:19:00,3569.453935722173,服装,支付宝
1385,31427,2025-02-08 03:58:00,2087.375876228638,美妆,银行卡
1513,34476,2025-12-20 08:11:00,2129.1066813634898,食品,支付宝
1948,57854,2025-10-19 22:28:00,4176.447969322843,数码,支付宝
1052,32297,2025-07-29 18:55:00,3260.178480939958,食品,微信
1977,64814,2025-07-17 10:23:00,2881.309740670834,数码,微信
1817,16882,2025-12-01 18:47:00,556.5134760965148,食品,银行卡
1539,16492,2025-01-03 00:34:00,432.89082742852287,服装,支付宝
1908,21621,2025-05-23 06:29:00,2943.044699202531,服装,银行卡
1953,46134,2025-08-15 03:49:00,955.0698079273307,食品,微信
1761,16010,2025-03-11 17:36:00,3654.6709900645947,食品,微信
1543,69008,2025-01-04 01:11:00,3119.8065688598463,服装,微信
1174,30207,2025-07-23 19:44:00,2875.5103919736425,家电,微信
1323,51561,2025-10-19 11:48:00,3042.447791335761,家电,微信
1416,28346,2025-02-02 05:17:00,1653.9719091794386,美妆,支付宝
1667,32987,2025-11-15 10:16:00,3397.9713658637947,数码,微信
1973,39164,2025-05-19 03:01:00,641.7410609888038,服装,支付宝
1229,60682,2025-04-27 18:42:00,1977.2535860526118,食品,微信
1078,12891,2025-12-17 02:32:00,686.943934123153,家电,银行卡
1518,53576,2025-05-25 11:55:00,777.6767421429751,家电,银行卡
1216,60688,2025-04-20 05:44:00,525.2741117697277,美妆,支付宝
1665,61841,2025-02-09 08:11:00,2476.8536196816326,服装,银行卡
1992,75790,2025-04-14 10:09:00,3197.42483685008,服装,微信
1855,84455,2025-09-07 06:01:00,157.5330824140988,食品,支付宝
1268,54086,2025-06-18 03:32:00,2793.6622537311246,服装,微信
1383,83904,2025-09-26 07:58:00,4988.359948205696,食品,支付宝
1411,27067,2025-03-21 07:50:00,,食品,银行卡
1420,70159,2025-10-20 05:42:00,4754.633799305441,食品,银行卡
1876,79466,2025-01-09 12:56:00,2832.2051579417875,美妆,支付宝
1095,81223,2025-07-11 00:59:00,2473.8288296804885,家电,银行卡
1701,95102,2025-01-02 11:09:00,1632.2723039822524,美妆,支付宝
1542,97172,2025-05-26 15:52:00,842.3834256120258,数码,微信
1323,96456,2025-06-04 09:57:00,2481.7407069691185,服装,微信
1355,43130,2025-10-02 02:57:00,4785.98423397228,家电,支付宝
1073,41912,2025-08-31 01:40:00,3654.527980931523,数码,支付宝
1394,29953,2025-05-28 15:22:00,1331.3656952709323,数码,银行卡
1749,41741,2025-12-09 10:59:00,3010.281561252437,服装,银行卡
1471,12172,2025-05-30 13:30:00,,美妆,微信
1432,81338,2025-05-22 03:25:00,2754.341583730996,美妆,支付宝
1326,26769,2025-08-21 03:57:00,844.2064359435878,家电,支付宝
1080,34944,2025-09-21 13:34:00,433.25356014643114,食品,支付宝
1932,85229,2025-05-12 18:32:00,691.7872421297279,食品,微信
1208,29847,2025-02-07 20:11:00,4370.43223892497,服装,银行卡
1926,80235,2025-02-03 20:00:00,416.4379628292564,服装,支付宝
1738,28589,2025-03-10 18:21:00,1216.716088931009,数码,银行卡
1979,47223,2025-11-01 11:04:00,2858.9811643499506,食品,银行卡
1337,72687,2025-05-24 17:32:00,1786.7564553018015,数码,支付宝
1312,83660,2025-02-02 11:31:00,3959.903632638141,美妆,支付宝
1674,42799,2025-03-14 04:50:00,3747.5909993526525,服装,银行卡
1660,59931,2025-10-03 05:16:00,2525.4895371950993,美妆,支付宝
1169,89737,2025-05-18 15:15:00,1585.6974402130697,服装,银行卡
1571,24497,2025-12-19 04:01:00,3690.672421673596,食品,微信
1580,56588,2025-01-04 20:30:00,3927.331332884204,美妆,银行卡
1532,37513,2025-05-24 16:22:00,4200.027284977884,食品,银行卡
1445,27637,2025-06-23 05:15:00,4698.626322692348,食品,微信
1954,73292,2025-10-26 21:08:00,1308.776725593212,食品,微信
1025,43314,2025-07-05 17:07:00,2488.7884886920683,服装,银行卡
1048,73677,2025-10-28 10:08:00,4592.850502125376,食品,银行卡
1222,10813,2025-06-01 01:05:00,2047.267242379517,食品,微信
1202,84818,2025-08-10 00:55:00,526.2037472644274,美妆,微信
1069,52015,2025-02-03 22:15:00,4173.013202458728,家电,支付宝
1461,75557,2025-12-09 15:26:00,614.2434501018066,服装,支付宝
1751,14160,2025-10-26 06:45:00,4156.379628816732,美妆,银行卡
1200,13528,2025-08-05 01:32:00,30.150266395604913,家电,微信
1252,17994,2025-05-31 13:58:00,2821.6301069187616,数码,支付宝
1022,58423,2025-03-19 03:49:00,,食品,微信
1414,90955,2025-03-10 19:50:00,3714.9487739957044,服装,银行卡
1124,34290,2025-01-27 22:29:00,1409.919360427367,家电,银行卡
1486,93463,2025-01-17 07:10:00,2972.8298520932217,家电,微信
1840,53885,2025-02-03 02:49:00,4960.856748573217,家电,微信
1981,36304,2025-07-18 15:27:00,1581.2152566831714,数码,支付宝
1634,96700,2025-11-14 13:01:00,2239.7057486140034,数码,支付宝
1615,51268,2025-06-14 16:05:00,1609.167770412646,服装,支付宝
1952,24469,2025-09-09 05:20:00,4996.617569880571,美妆,银行卡
1787,23997,2025-09-11 12:38:00,3433.14076641403,数码,支付宝
1373,45911,2025-11-09 08:58:00,1323.7801064248597,家电,支付宝
1873,42556,2025-05-16 00:31:00,4486.620948750579,服装,银行卡
1193,34601,2025-02-10 13:10:00,3292.8013633995884,家电,微信
1440,39623,2025-04-24 12:11:00,566.7277535031892,美妆,银行卡
1285,32608,2025-10-29 05:43:00,1409.1670275404092,食品,银行卡
1411,42626,2025-09-09 16:05:00,1248.1969148753383,食品,银行卡
1458,32244,2025-04-26 02:00:00,4018.9063742904304,食品,微信
1542,61104,2025-02-18 17:32:00,1667.4313982097738,服装,银行卡
1967,17871,2025-04-24 17:33:00,2051.0474995436816,服装,银行卡
1909,56279,2025-10-21 00:38:00,2320.185567732027,家电,微信
1380,50889,2025-09-23 23:26:00,3647.8462750399713,家电,微信
1515,38876,2025-03-12 00:08:00,3858.972788552178,数码,微信
1566,64075,2025-04-20 05:15:00,3152.838971441383,数码,微信
1833,42815,2025-11-03 16:49:00,4205.778007571158,美妆,银行卡
1700,90865,2025-10-12 02:36:00,41.815429125299346,数码,支付宝
1029,12527,2025-06-02 11:59:00,1889.0616756594143,数码,银行卡
1872,52420,2025-10-19 02:15:00,1526.0840124511762,服装,银行卡
1256,90065,2025-09-04 23:35:00,4706.556736950694,美妆,银行卡
1379,97486,2025-07-26 15:47:00,3390.144002745508,食品,微信
1501,85524,2025-01-27 01:59:00,4463.253776915028,美妆,支付宝
1547,80873,2025-08-04 10:39:00,657.0042960553386,美妆,微信
1256,97696,2025-06-27 09:11:00,592.8688421092905,服装,支付宝
1875,59964,2025-11-28 03:56:00,499.47909439366185,家电,银行卡
1852,52057,2025-05-11 22:35:00,3644.23315134952,服装,微信
1095,68336,2025-01-13 18:35:00,,美妆,微信
1294,49410,2025-06-24 08:01:00,,美妆,银行卡
1167,26625,2025-04-15 17:02:00,3242.2466799931367,美妆,支付宝
1191,89700,2025-09-20 10:53:00,3958.105743558929,家电,支付宝
1855,14477,2025-07-31 01:44:00,844.4992499710679,数码,支付宝
1760,44982,2025-08-31 12:56:00,4862.906371108529,数码,微信
1455,11820,2025-09-13 16:51:00,2565.507896378536,美妆,微信
1653,37818,2025-01-20 01:09:00,2817.104621910552,服装,银行卡
1713,83919,2025-10-18 12:35:00,1369.655772744161,服装,银行卡
1889,98228,2025-07-05 03:26:00,2518.261952734739,家电,微信
1846,33877,2025-04-28 18:32:00,,美妆,微信
1374,27067,2025-02-22 15:37:00,4005.9264814545763,数码,支付宝
1756,44341,2025-06-20 22:38:00,4924.467907578839,美妆,支付宝
1877,55840,2025-09-19 06:12:00,4432.500283951555,服装,银行卡
1600,96325,2025-09-21 01:28:00,,服装,支付宝
1752,85564,2025-12-25 13:10:00,715.0745856282949,数码,支付宝
1150,80064,2025-07-10 19:52:00,3566.3723480314766,美妆,支付宝
1296,66814,2025-09-22 17:30:00,3955.713087271716,美妆,支付宝
1787,21420,2025-04-16 02:51:00,1184.5352144388075,数码,支付宝
1004,95219,2025-09-25 13:01:00,565.6214249676616,美妆,银行卡
1336,98694,2025-10-05 18:53:00,4079.474008250915,美妆,银行卡
1674,92630,2025-12-27 12:01:00,3986.277073255826,数码,银行卡
1362,31950,2025-07-07 20:01:00,2349.2288935634983,家电,银行卡
1880,53487,2025-11-07 23:02:00,2679.776878709886,服装,银行卡
1932,99422,2025-01-09 03:41:00,3630.307436830889,服装,微信
1386,89035,2025-06-11 04:47:00,4819.1303939747795,服装,支付宝
1515,85136,2025-07-11 13:08:00,4843.659156551429,数码,支付宝
1696,83070,2025-06-13 09:36:00,4592.562304140245,食品,银行卡
1609,32702,2025-09-19 07:57:00,96.64614666679701,美妆,微信
1537,91040,2025-06-17 01:28:00,4849.994176071829,食品,银行卡
1060,29499,2025-05-28 13:50:00,3554.0040970102473,食品,支付宝
1537,20473,2025-09-09 18:26:00,3791.698936370934,数码,微信
1766,46933,2025-05-25 16:35:00,126.15226232280298,家电,银行卡
1349,22737,2025-03-08 01:07:00,594.8208611215168,美妆,银行卡
1940,46685,2025-05-07 04:01:00,3446.2181906604824,服装,银行卡
1953,48758,2025-08-24 22:38:00,3111.286119873266,数码,微信
1182,21741,2025-07-08 05:32:00,3484.4835798645504,数码,支付宝
1000,44086,2025-05-16 10:30:00,3336.7128057796635,服装,支付宝
1135,86142,2025-01-07 22:50:00,2012.5534843051587,服装,银行卡
1982,25386,2025-11-13 23:36:00,379.68333957226713,食品,支付宝
1804,13132,2025-09-26 11:06:00,3692.8804429543306,服装,支付宝
1920,83379,2025-09-01 15:16:00,1566.506425992304,美妆,银行卡
1615,80991,2025-07-05 06:38:00,4026.9295417411486,家电,银行卡
1533,67908,2025-02-08 16:27:00,4313.862820883412,食品,支付宝
1065,87234,2025-02-23 10:25:00,,数码,支付宝
1812,41434,2025-04-10 08:56:00,559.6082238850321,家电,银行卡
1926,34692,2025-03-27 19:10:00,1371.1647209487724,家电,银行卡
1606,36988,2025-11-28 18:54:00,476.1295063491979,数码,银行卡
1704,78587,2025-01-25 00:41:00,894.8150819472194,食品,支付宝
1292,69781,2025-02-09 00:40:00,731.2235751435275,数码,银行卡
1243,19991,2025-12-26 04:36:00,40.09579673693996,美妆,银行卡
1956,79953,2025-08-17 04:02:00,708.9071344335375,数码,支付宝
1798,25699,2025-07-18 12:34:00,35.024861785013435,服装,支付宝
1090,29655,2025-01-09 16:04:00,,服装,支付宝
1009,95820,2025-12-30 09:18:00,2006.1178568042728,数码,支付宝
1032,21091,2025-10-29 00:00:00,1138.9317883576828,食品,微信
1173,69031,2025-11-10 04:00:00,,美妆,微信
1678,12277,2025-05-04 20:12:00,456.96379599051056,服装,银行卡
1381,75640,2025-03-31 03:19:00,1240.3779991799984,食品,微信
1307,18892,2025-10-27 22:57:00,4919.2605200333155,食品,支付宝
1790,47595,2025-11-04 13:46:00,749.3063565399954,服装,银行卡
1809,80328,2025-12-14 21:09:00,2781.72712950965,食品,微信
1437,19912,2025-08-09 08:24:00,3477.572633763532,服装,微信
1721,64834,2025-09-18 14:30:00,4265.284566642274,美妆,银行卡
1661,37061,2025-09-07 12:40:00,3294.4209206496953,数码,银行卡
1130,51689,2025-02-27 23:55:00,1343.9761736401156,食品,银行卡
1989,66389,2025-04-12 20:01:00,2172.308381874035,美妆,支付宝
1875,17312,2025-05-25 18:38:00,1598.6539485149299,服装,微信
1929,32631,2025-03-17 22:58:00,2306.357261721609,服装,支付宝
1497,24449,2025-07-01 17:32:00,2026.020699661368,美妆,支付宝
1041,48837,2025-06-27 11:16:00,3237.9566653644347,数码,银行卡
1952,70763,2025-09-02 02:42:00,3052.693355298451,家电,银行卡
1795,66952,2025-12-02 07:18:00,4432.089427653152,食品,微信
1682,75813,2025-09-19 08:36:00,3014.5386229890614,服装,支付宝
1210,90664,2025-09-07 12:28:00,2586.8707362545574,美妆,支付宝
1619,35394,2025-11-05 12:03:00,1887.6505691297036,数码,银行卡
1343,18257,2025-11-18 09:00:00,1019.6271073509278,家电,支付宝
1114,60184,2025-11-09 02:13:00,1874.675885027543,食品,支付宝
1688,32423,2025-07-16 07:02:00,3027.7911985083615,美妆,支付宝
1245,47598,2025-12-07 00:09:00,807.701036334501,食品,微信
1471,97497,2025-11-04 05:39:00,1264.3964655663633,家电,支付宝
1733,99568,2025-10-04 14:15:00,901.2267283478466,美妆,微信
1846,62796,2025-03-09 20:17:00,2499.813488736858,美妆,支付宝
1703,51253,2025-01-26 18:12:00,4241.0894242820295,服装,微信
1404,63628,2025-07-30 06:26:00,646.0236303709355,服装,银行卡
1408,19553,2025-03-09 14:43:00,3671.4741445222194,美妆,微信
1455,51111,2025-10-22 02:51:00,1477.2405079775199,美妆,银行卡
1447,93819,2025-03-15 18:31:00,1832.9943790285151,服装,银行卡
1808,16620,2025-09-28 18:27:00,2961.080930865856,服装,微信
1838,93719,2025-05-04 00:16:00,845.7255978485782,数码,支付宝
1056,13549,2025-03-28 10:05:00,534.4602057710559,家电,微信
1401,47568,2025-08-20 20:44:00,3461.143848557976,食品,银行卡
1197,71107,2025-08-08 08:49:00,4657.8232391118345,食品,支付宝
1823,31500,2025-05-24 16:11:00,1869.7849588895094,数码,支付宝
1309,80951,2025-08-22 09:52:00,4793.182031505824,美妆,银行卡
1040,13341,2025-06-18 04:43:00,1207.8196675550698,美妆,微信
1112,64204,2025-03-07 22:20:00,1204.5894857581723,服装,银行卡
1576,21770,2025-04-13 22:19:00,3967.1925635372877,数码,微信
1542,87031,2025-02-26 00:53:00,4463.004832193579,数码,微信
1487,13383,2025-06-07 01:13:00,4093.9532752549567,美妆,银行卡
1021,99601,2025-08-01 23:32:00,4358.017469843197,家电,微信
1742,49552,2025-12-23 08:13:00,,数码,银行卡
1266,41479,2025-05-08 07:57:00,,服装,支付宝
1708,93441,2025-02-16 08:48:00,4674.45284801269,家电,银行卡
1164,85262,2025-06-16 21:26:00,853.9481732995837,食品,银行卡
1507,75278,2025-07-21 15:24:00,2657.840038738601,数码,微信
1604,56584,2025-12-14 10:47:00,4822.769599941626,数码,支付宝
1264,70905,2025-01-26 02:00:00,4415.908150797471,美妆,支付宝
1874,25157,2025-01-22 01:11:00,1561.958016322495,美妆,银行卡
1974,32032,2025-08-20 15:18:00,3745.772204315958,美妆,银行卡
1659,35711,2025-04-16 04:33:00,3442.2167706656064,数码,银行卡
1794,38373,2025-03-03 03:14:00,3278.187161033317,服装,支付宝
1275,48487,2025-04-11 00:25:00,3071.940472216961,服装,银行卡
1707,62490,2025-05-24 22:33:00,146.7998468121783,家电,微信
1876,82670,2025-12-14 15:59:00,1032.0160584161317,数码,支付宝
1018,87700,2025-09-12 00:41:00,1354.0348798260732,家电,银行卡
1832,58781,2025-02-09 08:12:00,,服装,支付宝
1746,37652,2025-05-21 16:28:00,4524.517209884928,美妆,支付宝
1913,97907,2025-03-04 23:18:00,1303.4038220639359,食品,支付宝
1982,26787,2025-04-27 01:17:00,1610.5056047646024,食品,支付宝
1561,92381,2025-02-28 07:30:00,1076.504748877286,数码,银行卡
1062,27101,2025-05-19 19:28:00,3692.428573213959,美妆,支付宝
1186,43278,2025-06-03 06:23:00,1306.6314545109715,食品,银行卡
1164,53204,2025-07-10 00:23:00,4233.031189991342,服装,微信
1639,26128,2025-03-16 08:00:00,3960.538433638263,家电,微信
1909,15630,2025-05-04 12:32:00,,家电,支付宝
1005,20637,2025-06-25 22:02:00,227.31811187374495,食品,微信
1901,65345,2025-07-03 16:43:00,3334.4248235840078,数码,银行卡
1576,33780,2025-10-06 15:54:00,4039.759219686666,数码,支付宝
1964,88387,2025-01-07 14:16:00,4799.142570346622,数码,支付宝
1738,99415,2025-08-03 05:10:00,1525.9350905659428,数码,银行卡
1392,79040,2025-04-30 07:34:00,794.1455230445064,服装,微信
1954,82633,2025-08-06 14:38:00,2489.488147519972,数码,银行卡
1373,64233,2025-05-10 10:41:00,1551.5724750039506,家电,支付宝
1426,68844,2025-11-11 23:46:00,2673.808045853462,家电,支付宝
1165,70325,2025-03-31 12:39:00,2532.887472318563,服装,微信
1355,35823,2025-01-16 23:25:00,177.85192882935564,数码,支付宝
1707,96422,2025-08-06 11:10:00,3370.1630532246427,家电,支付宝
1285,90085,2025-01-19 22:45:00,682.7709172888414,家电,银行卡
1592,92809,2025-01-20 17:38:00,2342.314112240679,食品,银行卡
1476,69095,2025-06-03 23:04:00,708.459900092751,食品,支付宝
1771,20040,2025-09-26 00:53:00,973.7005488001413,食品,微信
1422,38117,2025-03-12 01:43:00,3308.6707903553697,食品,银行卡
1782,99350,2025-03-10 15:41:00,2769.158084233103,美妆,支付宝
1640,21016,2025-07-19 19:42:00,162.69713590226021,食品,银行卡
1185,50761,2025-03-14 13:54:00,1374.5461545382973,服装,银行卡
1129,93551,2025-10-15 11:20:00,3332.95479366369,食品,银行卡
1511,38301,2025-06-13 14:59:00,3404.2256236063804,家电,银行卡
1736,73308,2025-09-21 02:06:00,1633.5886057272194,家电,支付宝
1385,94524,2025-07-15 11:32:00,2994.7118770660563,食品,微信
1130,16669,2025-11-09 12:39:00,4226.920422102623,家电,银行卡
1879,75937,2025-09-02 19:19:00,534.0752728442498,美妆,支付宝
1379,70693,2025-12-08 21:26:00,965.1134141693651,家电,银行卡
1515,38452,2025-07-06 02:22:00,2273.915105605529,美妆,微信
1349,32471,2025-10-20 07:01:00,359.5402577148956,美妆,支付宝
1041,97636,2025-10-27 03:40:00,78.69203980961899,数码,支付宝
1554,12436,2025-07-08 20:27:00,3007.871500013932,食品,支付宝
1592,17974,2025-01-23 07:18:00,3323.197707879336,服装,银行卡
1609,41558,2025-07-31 14:03:00,2289.1826801707266,数码,支付宝
1432,37876,2025-03-03 12:11:00,,食品,银行卡
1642,14692,2025-07-05 01:14:00,2601.106971429919,食品,银行卡
1028,30712,2025-01-13 20:35:00,2701.9846513329653,食品,支付宝
1157,18664,2025-03-20 05:50:00,4864.586006774325,食品,支付宝
1414,94102,2025-09-07 06:06:00,486.43724751178263,服装,银行卡
1112,47061,2025-08-16 05:59:00,1927.3901575347418,家电,微信
1590,79065,2025-02-09 11:07:00,2046.7023067540001,数码,支付宝
1854,93592,2025-07-30 13:17:00,3018.468130964701,食品,微信
1178,92624,2025-03-19 02:22:00,3145.922268096676,服装,微信
1667,13774,2025-09-19 02:13:00,3464.642061439853,美妆,微信
1776,72555,2025-08-27 06:02:00,3446.147497770892,美妆,银行卡
1438,51306,2025-11-28 07:10:00,1611.125885872488,食品,微信
1182,88405,2025-12-12 16:39:00,2270.276954839141,食品,支付宝
1667,81527,2025-07-05 12:30:00,2037.2648641889668,数码,支付宝
1975,35434,2025-11-07 15:30:00,61.49179522877758,美妆,银行卡
1553,38224,2025-08-16 02:10:00,,食品,银行卡
1495,49144,2025-11-03 16:18:00,1628.871420056983,服装,银行卡
1306,67863,2025-06-30 06:41:00,4289.707438283146,服装,微信
1117,39222,2025-10-25 00:29:00,4765.745630337913,美妆,支付宝
1462,84074,2025-09-17 21:44:00,357.8404278734409,家电,银行卡
1432,89637,2025-08-21 14:15:00,1001.7365268189282,家电,支付宝
1500,48554,2025-01-04 01:15:00,3821.8394172268736,数码,银行卡
1641,47192,2025-11-16 16:52:00,,美妆,微信
1500,35169,2025-12-26 08:10:00,3945.978711321477,服装,银行卡
1665,77947,2025-07-30 20:38:00,4619.585685466277,服装,支付宝
1879,92954,2025-07-25 04:29:00,1724.9221385138799,食品,支付宝
1025,28078,2025-01-07 21:57:00,,数码,微信
1745,95795,2025-06-24 11:48:00,2936.073753069191,美妆,支付宝
1161,46149,2025-10-29 14:13:00,1299.5337103839972,食品,银行卡
1193,69487,2025-01-15 08:42:00,,服装,支付宝
1681,95512,2025-05-11 23:05:00,1709.5945645725762,家电,银行卡
1479,28943,2025-03-20 07:53:00,231.87990977347283,家电,微信
1511,83448,2025-02-25 21:42:00,3316.0172392739078,服装,银行卡
1316,49574,2025-08-26 09:29:00,3832.039878398852,数码,银行卡
1691,81060,2025-05-08 01:55:00,2913.5705328368913,数码,银行卡
1526,22705,2025-10-23 22:39:00,693.6046798903946,食品,微信
1000,76663,2025-01-03 07:33:00,3797.5275491746397,服装,银行卡
1371,87432,2025-11-05 06:40:00,1971.899338239014,家电,支付宝
1217,55001,2025-03-05 01:33:00,3691.252824710706,家电,支付宝
1779,44304,2025-03-23 06:26:00,3531.242999920741,数码,微信
1351,45634,2025-10-02 15:26:00,4661.4434234846585,食品,微信
1600,88936,2025-01-09 01:33:00,2932.3244796218037,食品,支付宝
1971,75184,2025-12-31 01:47:00,,食品,支付宝
1656,23733,2025-09-06 01:28:00,4102.012714146426,食品,微信
1352,87528,2025-03-07 09:13:00,3698.7379398188928,食品,微信
1765,76269,2025-02-16 12:17:00,2898.6273997251255,家电,微信
1775,32158,2025-02-22 21:32:00,2891.8100896607875,美妆,支付宝
1406,99823,2025-09-13 14:09:00,3037.667757134877,服装,银行卡
1323,80388,2025-08-02 04:18:00,1809.2923196487764,数码,银行卡
1129,26025,2025-06-15 10:45:00,1260.7977196989868,食品,银行卡
1588,84347,2025-11-27 16:55:00,1021.0812441921581,食品,银行卡
1170,71439,2025-05-20 14:44:00,977.2693232630945,数码,银行卡
1801,44706,2025-11-11 15:33:00,3576.6286148103486,美妆,支付宝
1552,41020,2025-01-17 05:33:00,1796.2495825188178,家电,微信
1119,43780,2025-10-18 12:06:00,368.9256278293666,数码,支付宝
1094,64970,2025-10-13 16:09:00,4562.104711349811,数码,微信
1370,66040,2025-05-24 04:42:00,1912.415222247761,食品,微信
1045,92596,2025-02-04 05:11:00,4950.362409556902,数码,微信
1847,91534,2025-05-26 11:31:00,4154.093870457925,食品,微信
1342,99767,2025-06-14 11:54:00,1887.3448277678426,家电,银行卡
1943,74285,2025-12-05 16:36:00,2173.286136483316,服装,银行卡
1478,56686,2025-09-23 10:51:00,2771.9161292227705,美妆,支付宝
1488,64607,2025-04-18 10:47:00,3511.3586528061355,家电,银行卡
1237,57420,2025-05-04 12:35:00,4896.471461873427,数码,银行卡
1425,75710,2025-10-17 15:17:00,3552.444015107398,食品,微信
1750,89658,2025-04-18 17:07:00,3243.856354242778,数码,支付宝
1789,67287,2025-01-17 07:39:00,1196.2780836649176,数码,微信
1798,24262,2025-09-12 12:45:00,1160.6058009536878,食品,银行卡
1404,27073,2025-03-24 12:38:00,487.2854872243574,食品,银行卡
1352,73323,2025-02-13 16:44:00,41.48619076263787,家电,银行卡
1236,79843,2025-08-22 12:27:00,2308.025065692902,家电,微信
1898,84587,2025-05-26 16:00:00,808.595765243466,食品,支付宝
1429,75447,2025-10-08 17:49:00,2219.0382861629882,美妆,银行卡
1926,99550,2025-12-31 10:07:00,2611.114995744905,食品,支付宝
1830,36101,2025-01-26 04:24:00,1587.7180931151381,数码,银行卡
